{
    "Palencia": {
        "Qjensen": 0.46633106742034447,
        "Qjensen_raw": 0.4034656829866141,
        "Qperm": 0.33504393467798427,
        "Qperm_raw": 0.17508896856582146,
        "Qrandom_forest": 0.30672129893908523
    },
    "León": {
        "Qjensen": 0.46636215677213405,
        "Qjensen_raw": 0.4281323576133403,
        "Qperm": 0.3330796921636235,
        "Qperm_raw": 0.274004657778053,
        "Qrandom_forest": 0.37616700328570735
    },
    "Salamanca": {
        "Qjensen": 0.3243674540804203,
        "Qjensen_raw": 0.30596554987377156,
        "Qperm": 0.23967701708515796,
        "Qperm_raw": 0.15883381456267112,
        "Qrandom_forest": 0.22187812704185544
    },
    "Valladolid": {
        "Qjensen": 0.3563103088446842,
        "Qjensen_raw": 0.3126085852361309,
        "Qperm": 0.2510384079872887,
        "Qperm_raw": 0.14277080083674795,
        "Qrandom_forest": 0.2750526432109369
    },
    "Burgos": {
        "Qjensen": 0.3201495772983401,
        "Qjensen_raw": 0.30763201008338464,
        "Qperm": 0.2187370184274302,
        "Qperm_raw": 0.16038222163793775,
        "Qrandom_forest": 0.27265919309981906
    }
}